-- MySQL dump 10.13  Distrib 8.0.23, for Win64 (x86_64)
--
-- Host: localhost    Database: ufood
-- ------------------------------------------------------
-- Server version	8.0.23

/*!40101 SET @OLD_CHARACTER_SET_CLIENT=@@CHARACTER_SET_CLIENT */;
/*!40101 SET @OLD_CHARACTER_SET_RESULTS=@@CHARACTER_SET_RESULTS */;
/*!40101 SET @OLD_COLLATION_CONNECTION=@@COLLATION_CONNECTION */;
/*!50503 SET NAMES utf8 */;
/*!40103 SET @OLD_TIME_ZONE=@@TIME_ZONE */;
/*!40103 SET TIME_ZONE='+00:00' */;
/*!40014 SET @OLD_UNIQUE_CHECKS=@@UNIQUE_CHECKS, UNIQUE_CHECKS=0 */;
/*!40014 SET @OLD_FOREIGN_KEY_CHECKS=@@FOREIGN_KEY_CHECKS, FOREIGN_KEY_CHECKS=0 */;
/*!40101 SET @OLD_SQL_MODE=@@SQL_MODE, SQL_MODE='NO_AUTO_VALUE_ON_ZERO' */;
/*!40111 SET @OLD_SQL_NOTES=@@SQL_NOTES, SQL_NOTES=0 */;

--
-- Table structure for table `diets`
--

DROP TABLE IF EXISTS `diets`;
/*!40101 SET @saved_cs_client     = @@character_set_client */;
/*!50503 SET character_set_client = utf8mb4 */;
CREATE TABLE `diets` (
  `name` varchar(64) NOT NULL,
  PRIMARY KEY (`name`)
) ENGINE=InnoDB DEFAULT CHARSET=utf8;
/*!40101 SET character_set_client = @saved_cs_client */;

--
-- Dumping data for table `diets`
--

LOCK TABLES `diets` WRITE;
/*!40000 ALTER TABLE `diets` DISABLE KEYS */;
INSERT INTO `diets` VALUES ('Keto'),('Paleo'),('Vegan'),('Vegetarian');
/*!40000 ALTER TABLE `diets` ENABLE KEYS */;
UNLOCK TABLES;

--
-- Table structure for table `ingredients`
--

DROP TABLE IF EXISTS `ingredients`;
/*!40101 SET @saved_cs_client     = @@character_set_client */;
/*!50503 SET character_set_client = utf8mb4 */;
CREATE TABLE `ingredients` (
  `name` varchar(128) NOT NULL,
  PRIMARY KEY (`name`)
) ENGINE=InnoDB DEFAULT CHARSET=utf8;
/*!40101 SET character_set_client = @saved_cs_client */;

--
-- Dumping data for table `ingredients`
--

LOCK TABLES `ingredients` WRITE;
/*!40000 ALTER TABLE `ingredients` DISABLE KEYS */;
INSERT INTO `ingredients` VALUES ('aubergine'),('avocado'),('bacon strips'),('baked beans'),('baking powder'),('bamboo shoots'),('basil'),('beef stock'),('black beans'),('black olives'),('bread'),('breadcrums'),('broccoli'),('brown sugar'),('butter'),('carrot'),('celery'),('cheese'),('chicken breasts'),('chicken broth'),('chicken stock'),('chicken thighs'),('chilli powder'),('chilli sauce'),('chopped tomatoes'),('chorizo'),('cinnamon'),('cocoa powder'),('condensed milk'),('coriander'),('courgette'),('cream'),('creme fraiche'),('cucumber'),('cumin'),('dark chocolate'),('eggs'),('fennel'),('fenugreek'),('feta'),('fish'),('flaked almonds'),('flour'),('frozen peas'),('frozen prawns'),('garlic cloves'),('ginger'),('gnocchi'),('golden syrup'),('grain pouch'),('gram masala'),('green chilli'),('green curry paste'),('green pepper'),('honey'),('icing sugar'),('ketchup'),('kidney beans'),('lasagne sheets'),('lemon'),('lemon wedges'),('lettuce'),('light brown sugar'),('lime wedges'),('limes'),('macaroni'),('mango chutney'),('milk'),('milk chocolate'),('minced beef'),('mincemeat'),('mint'),('mixed salad'),('mozzarella'),('mustard'),('naan bread'),('nduja'),('nutmeg'),('olive oil'),('onion'),('orange'),('oregano'),('oven-roasted vegetables'),('paprika'),('parmesan'),('parsley'),('passata'),('pasta'),('pecorino'),('pesto'),('pineapple'),('piri-piri'),('potatoes'),('raisins'),('red chilli'),('red onions'),('red pepper'),('red wine vinegar'),('rice'),('ricotta'),('saffron'),('salsa'),('salted butter'),('sausage'),('smoked paprika'),('sour cream'),('soy sauce'),('spaghetti'),('spring onions'),('sugar'),('sunflower oil'),('sweet potatoes'),('tabasco'),('tomato puree'),('tomatoes'),('tortilla wrap'),('tortillas'),('tumeric'),('vanilla extract'),('vegetable oil'),('walnuts'),('worcestershire sauce'),('yeast'),('yellow pepper'),('yoghurt');
/*!40000 ALTER TABLE `ingredients` ENABLE KEYS */;
UNLOCK TABLES;

--
-- Table structure for table `ingredients_has_recipes`
--

DROP TABLE IF EXISTS `ingredients_has_recipes`;
/*!40101 SET @saved_cs_client     = @@character_set_client */;
/*!50503 SET character_set_client = utf8mb4 */;
CREATE TABLE `ingredients_has_recipes` (
  `ingredients_name` varchar(128) NOT NULL,
  `recipes_id` int NOT NULL,
  `measurements_name` varchar(20) NOT NULL,
  `amount` int DEFAULT NULL,
  PRIMARY KEY (`ingredients_name`,`recipes_id`,`measurements_name`),
  KEY `fk_ingredients_has_recipes_recipes1_idx` (`recipes_id`),
  KEY `fk_ingredients_has_recipes_ingredients1_idx` (`ingredients_name`),
  KEY `fk_ingredients_has_recipes_measurements1_idx` (`measurements_name`),
  CONSTRAINT `fk_ingredients_has_recipes_ingredients1` FOREIGN KEY (`ingredients_name`) REFERENCES `ingredients` (`name`),
  CONSTRAINT `fk_ingredients_has_recipes_measurements1` FOREIGN KEY (`measurements_name`) REFERENCES `measurements` (`name`),
  CONSTRAINT `fk_ingredients_has_recipes_recipes1` FOREIGN KEY (`recipes_id`) REFERENCES `recipes` (`id`)
) ENGINE=InnoDB DEFAULT CHARSET=utf8;
/*!40101 SET character_set_client = @saved_cs_client */;

--
-- Dumping data for table `ingredients_has_recipes`
--

LOCK TABLES `ingredients_has_recipes` WRITE;
/*!40000 ALTER TABLE `ingredients_has_recipes` DISABLE KEYS */;
INSERT INTO `ingredients_has_recipes` VALUES ('apple',31,'whole',1),('apples',35,'whole',2),('aubergine',16,'small',1),('avocado',18,'whole',1),('bacon strips',6,'whole',2),('baked beans',14,'gramm',400),('baking powder',27,'tbsp',2),('baking powder',28,'tsp',1),('baking soda',35,'pinch',1),('bamboo shoots',7,'gramm',225),('basil',4,'bunch',1),('basil',6,'handful',1),('basil',8,'handful',1),('basil',13,'handful',1),('beef stock',14,'cubes',2),('black beans',18,'gramm',200),('black olives',8,'gramm',75),('bread',24,'whole',1),('breadcrums',3,'gramm',85),('breadcrums',13,'gramm',75),('breadcrums',20,'tbsp',5),('breadcrums',30,'grams',200),('broccoli',12,'gramm',300),('brown sugar',1,'gramm',150),('butter',1,'gramm',100),('butter',15,'gramm',225),('butter',17,'gramm',275),('butter',20,'gramm',200),('butter',25,'gramm',200),('butter',34,'tbsp',2),('butter',35,'gramm',100),('butter',37,'gramm',100),('butter',39,'tbsp',1),('carrot',2,'gramm',400),('carrot',6,'whole',1),('carrot',11,'gramm',265),('carrot',13,'whole',2),('carrot',14,'gramm',300),('celery',6,'whole',1),('celery',13,'whole',2),('celery',31,'gramm',200),('cheese',3,'tbsp',4),('cheese',11,'gramm',100),('cheese',24,'gramm',100),('cheese',36,'gramm',50),('cheese',37,'gramm',50),('cheese',38,'gramm',100),('cheese',39,'ml',300),('chicken breast',37,'whole',3),('chicken breasts',3,'whole',4),('chicken breasts',10,'whole',2),('chicken breasts',21,'whole',2),('chicken breasts',30,'whole',5),('chicken broth',37,'ml',100),('chicken broth',40,'splash',3),('chicken stock',5,'ml',300),('chicken thighs',2,'whole',8),('chicken thighs',5,'gramm',500),('chicken thighs',12,'whole',7),('chilli powder',5,'tsp',1),('chilli sauce',18,'splash',1),('chilli sauce',29,'tbsp',2),('chilli sauce',40,'splash',1),('chopped tomatoes',4,'400g cans',2),('chopped tomatoes',6,'400g cans',2),('chopped tomatoes',13,'400g cans',3),('chopped tomatoes',19,'400g cans',1),('chopped tomatoes',40,'400g cans',1),('chorizo',4,'whole',120),('cinnamon',11,'tsp',3),('cocoa_powder',23,'gramm',10),('condensed milk',17,'gramm',175),('coriander',5,'bunch',1),('coriander',7,'handful',1),('coriander',10,'tbsp',1),('courgette',13,'whole',1),('cream',1,'dl',1),('cream',34,'tbsp',6),('cream',39,'ml',300),('creme fraiche',6,'ml',400),('cucumber',21,'whole',1),('cucumber',26,'whole',1),('cumin',5,'tsp',2),('cumin',10,'pinch',1),('cumin',21,'tbsp',1),('curry powder',21,'tbsp',1),('dark chocolate',1,'gramm',100),('eggs',1,'large',3),('eggs',7,'large',2),('eggs',9,'large',2),('eggs',11,'large',4),('eggs',13,'medium',1),('eggs',15,'small',1),('eggs',18,'whole',1),('eggs',20,'medium',3),('eggs',25,'whole',2),('eggs',27,'whole',2),('eggs',28,'whole',1),('eggs',29,'whole',1),('eggs',30,'whole',2),('eggs',32,'whole',2),('eggs',34,'whole',2),('eggs',35,'whole',2),('fennel',8,'whole',1),('fenugreek',5,'tsp',2),('feta',18,'gramm',50),('fish',28,'whole',1),('flaked almonds',5,'gramm',50),('flour',1,'gramm',50),('flour',9,'gramm',100),('flour',11,'gramm',265),('flour',15,'gramm',350),('flour',16,'gramm',200),('flour',17,'gramm',250),('flour',20,'gramm',200),('flour',27,'gramm',500),('flour',28,'grams',250),('flour',30,'grams',200),('flour',35,'gramm',150),('flour',37,'tbsp',3),('frozen peas',7,'gramm',140),('frozen prawns',7,'gramm',250),('garlic cloves',3,'whole',6),('garlic cloves',4,'whole',2),('garlic cloves',5,'whole',3),('garlic cloves',6,'whole',2),('garlic cloves',8,'whole',3),('garlic cloves',10,'whole',2),('garlic cloves',13,'whole',3),('garlic cloves',16,'whole',1),('garlic cloves',21,'whole',1),('garlic cloves',37,'whole',2),('garlic cloves',40,'whole',1),('ginger',2,'tsp',2),('ginger',5,'whole',1),('gnocchi',4,'gramm',600),('golden syrup',20,'gramm',250),('grain pouch',19,'whole',1),('gram masala',5,'tsp',1),('green chilli',5,'whole',1),('green curry paste',7,'tbsp',3),('green pepper',7,'whole',1),('honey',2,'tbsp',1),('honey',6,'tbsp',1),('honey',21,'tbsp',1),('icing sugar',11,'gramm',300),('icing sugar',15,'pinch',1),('ketchup',22,'gramm',100),('kidney beans',19,'can',1),('lasagne sheets',6,'gramm',500),('lemon',5,'whole',1),('lemon',20,'whole',1),('lemon',37,'small',1),('lemon wedges',2,'whole',2),('lemon wedges',9,'bunch',1),('lettuce',4,'bunch',1),('lettuce',21,'bunch',1),('lime wedges',5,'bunch',1),('limes',7,'whole',2),('limes',10,'whole',1),('limes',18,'whole',1),('limes',21,'whole',1),('macaroni',22,'gramm',500),('mango chutney',5,'bunch',1),('mayo',31,'gramm',100),('milk',9,'ml',300),('milk',20,'tbsp',5),('milk',23,'ml',300),('milk',27,'ml',200),('milk',28,'ml',250),('milk',32,'ml',30),('milk',33,'ml',350),('milk',38,'ml',100),('milk chocolate',17,'gramm',200),('minced beef',6,'gramm',500),('minced beef',13,'gramm',500),('minced beef',14,'gramm',450),('minced beef',22,'gramm',500),('minced beef',29,'gram',800),('minced beef',40,'gramm',500),('mincemeat',15,'gramm',280),('mint',16,'handful',1),('mixed salad',10,'bag',1),('mozzarella',4,'gramm',125),('mozzarella',6,'gramm',125),('mustard',37,'tbsp',1),('naan bread',5,'whole',1),('nduja',8,'gramm',NULL),('nutmeg',11,'fresh',0),('oats',29,'gramm',50),('oats',33,'gramm',50),('oil',27,'tbsp',2),('olive oil',2,'tbsp',2),('olive oil',3,'tsp',4),('olive oil',4,'tbsp',1),('olive oil',6,'tbsp',1),('olive oil',8,'tbsp',3),('olive oil',10,'tbsp',4),('olive oil',13,'tbsp',2),('olive oil',16,'drops',4),('olive oil',16,'tbsp',4),('olive oil',21,'tbsp',1),('olive oil',28,'tsp',1),('olive oil',40,'tbsp',2),('onion',2,'whole',1),('onion',4,'whole',1),('onion',5,'whole',1),('onion',6,'whole',1),('onion',13,'small',1),('onion',14,'whole',2),('onion',31,'whole',1),('onion',39,'whole',1),('onion',40,'whole',1),('orange',11,'whole',1),('oregano',13,'tbsp',1),('oven-roasted vegetables',19,'gramm',400),('paprika',5,'tsp',2),('parmesan',6,'gramm',50),('parmesan',13,'gramm',50),('parsley',2,'bunch',1),('parsley',3,'bunch',1),('parsley',14,'handful',1),('passata',16,'gramm',200),('pasta',36,'gramm',300),('pasta',38,'gramm',300),('pasta',39,'gramm',600),('pasta',40,'gramm',500),('pecorino',8,'gramm',40),('pesto',36,'gramm',100),('pineapple',7,'gramm',140),('piri-piri',12,'gramm',25),('potatoes',14,'kg',1),('potatoes',28,'whole',5),('potatoes',31,'whole',5),('raisins',11,'gramm',100),('red chilli',10,'whole',1),('red onions',10,'whole',1),('red onions',12,'whole',2),('red pepper',10,'whole',1),('red pepper',13,'whole',2),('red wine vinegar',8,'tsp',2),('red wine vinegar',13,'splash',1),('rice',5,'gramm',200),('rice',7,'gramm',300),('ricotta',16,'gramm',100),('salsa',10,'gramm',230),('salt',27,'pinch',1),('salt',28,'tsp',1),('salted butter',11,'gramm',100),('sausage',13,'gramm',300),('smoked paprika',10,'tbsp',1),('sour cream',26,'gramm',200),('sour cream',31,'gramm',150),('soy sauce',7,'tsp',4),('spaghetti',8,'gramm',400),('spaghetti',13,'bunch',1),('spring onions',7,'bunch',1),('sugar',4,'tsp',1),('sugar',9,'bunch',1),('sugar',11,'gramm',335),('sugar',13,'pinch',1),('sugar',15,'gramm',100),('sugar',16,'pinch',1),('sugar',16,'tsp',0),('sugar',17,'gramm',100),('sugar',20,'gramm',200),('sugar',27,'tbsp',1),('sugar',35,'gramm',100),('sunflower oil',7,'tsp',2),('sunflower oil',9,'tbsp',1),('sweet potatoes',12,'large',3),('tabasco',10,'drops',4),('tamari',21,'tbsp',1),('tomato puree',5,'tbsp',3),('tomato puree',6,'tbsp',1),('tomato puree',8,'tsp',2),('tomato puree',13,'tbsp',1),('tomato puree',40,'ml',20),('tomatoes',8,'gramm',200),('tomatoes',26,'whole',2),('tortilla wrap',18,'whole',1),('tortillas',10,'medium',6),('tumeric',2,'pinch',1),('vanilla extract',1,'tsp',1),('vanilla extract',11,'tsp',2),('vanilla extract',27,'pinch',1),('vanilla extract',35,'pinch',1),('vegetable oil',5,'tbsp',2),('vegetable oil',11,'ml',230),('vegetable oil',12,'drops',3),('vegetable oil',16,'pinch',1),('vegetable oil',18,'tbsp',1),('walnuts',11,'gramm',100),('walnuts',36,'gramm',100),('worcestershire sauce',14,'drops',4),('yeast',16,'tsp',1),('yoghurt',5,'gramm',200),('yoghurt',11,'gramm',100),('yogurt',33,'ml',50);
/*!40000 ALTER TABLE `ingredients_has_recipes` ENABLE KEYS */;
UNLOCK TABLES;

--
-- Table structure for table `measurements`
--

DROP TABLE IF EXISTS `measurements`;
/*!40101 SET @saved_cs_client     = @@character_set_client */;
/*!50503 SET character_set_client = utf8mb4 */;
CREATE TABLE `measurements` (
  `name` varchar(20) NOT NULL,
  PRIMARY KEY (`name`)
) ENGINE=InnoDB DEFAULT CHARSET=utf8;
/*!40101 SET character_set_client = @saved_cs_client */;

--
-- Dumping data for table `measurements`
--

LOCK TABLES `measurements` WRITE;
/*!40000 ALTER TABLE `measurements` DISABLE KEYS */;
INSERT INTO `measurements` VALUES ('400g cans'),('bag'),('bunch'),('can'),('cl'),('cubes'),('dl'),('drops'),('fresh'),('gramm'),('handful'),('kg'),('large'),('medium'),('ml'),('pieces'),('pinch'),('single'),('small'),('splash'),('tbsp'),('tsp'),('whole');
/*!40000 ALTER TABLE `measurements` ENABLE KEYS */;
UNLOCK TABLES;

--
-- Table structure for table `recipes`
--

DROP TABLE IF EXISTS `recipes`;
/*!40101 SET @saved_cs_client     = @@character_set_client */;
/*!50503 SET character_set_client = utf8mb4 */;
CREATE TABLE `recipes` (
  `id` int NOT NULL AUTO_INCREMENT,
  `cooking_time` time NOT NULL,
  `times_accessed` int NOT NULL,
  `name` varchar(256) NOT NULL,
  `source` varchar(512) NOT NULL,
  `instructions` varchar(8192) NOT NULL,
  `img_link` varchar(512) NOT NULL,
  PRIMARY KEY (`id`)
) ENGINE=InnoDB AUTO_INCREMENT=41 DEFAULT CHARSET=utf8;
/*!40101 SET character_set_client = @saved_cs_client */;

--
-- Dumping data for table `recipes`
--

LOCK TABLES `recipes` WRITE;
/*!40000 ALTER TABLE `recipes` DISABLE KEYS */;
INSERT INTO `recipes` VALUES (1,'00:35:00',0,'Easy chocolate molten cakes','https://www.bbcgoodfood.com/recipes/easy-chocolate-molten-cakes','STEP 1$Heat oven to 200C/180C fan/gas 6. Butter 6 dariole moulds or basins well and place on a baking tray.$STEP 2$Put 100g butter and 100g chopped dark chocolate in a heatproof bowl and set over a pan of hot water (or alternatively put in the microwave and melt in 30 second bursts on a low setting) and stir until smooth. Set aside to cool slightly for 15 mins.$$STEP 3$Using an electric hand whisk, mix in 150g light brown soft sugar, then 3 large eggs, one at a time, followed by ½ tsp vanilla extract and finally 50g plain flour. Divide the mixture among the darioles or basins.$$STEP 4$You can now either put the mixture in the fridge, or freezer until you\'re ready to bake them. Can be cooked straight from frozen for 16 mins, or bake now for 10-12 mins until the tops are firm to the touch but the middles still feel squidgy.$$STEP 5$Carefully run a knife around the edge of each pudding, then turn out onto serving plates and serve with single cream.$','https://www.linkpicture.com/q/1_268.png'),(2,'00:50:00',0,'Easy chicken tagine','https://www.bbcgoodfood.com/recipes/easy-chicken-tagine','STEP 1$Heat the oil in a large, wide pan with a lid, add the chicken, then fry quickly until lightly coloured. Add the onion and ginger, then fry for a further 2 mins.$$STEP 2$Add 150ml water, the saffron, honey and carrots, season, then stir well. Bring to the boil, cover tightly, then simmer for 30 mins until the chicken is tender. Uncover and increase the heat for about 5 mins to reduce the sauce a little. Sprinkle with parsley and serve with lemon wedges for squeezing over','https://www.linkpicture.com/q/2_64.png'),(3,'00:40:00',0,'Easy chicken Kiev','https://www.bbcgoodfood.com/recipes/easy-chicken-kiev','STEP 1$Heat oven to 200C/180C fan/gas 6. Whizz together the 2 peeled garlic cloves, parsley and 1 tsp olive oil in a food processor. Add the breadcrumbs and seasoning before pulsing briefly to mix. Tip onto a plate.$$STEP 2$Cut a slit (roughly thumb-length) in the side of each chicken breast, at the plump end. Spoon ¼ of the soft cheese into each hole and press the edges together to seal. Rub 2 tsp oil over all the chicken breasts before pressing the herby crumbs onto them.$$STEP 3$Place the coated chicken in a shallow roasting tin. Scatter round the remaining unpeeled garlic cloves and drizzle with the rest of the oil. Bake for 20-25 mins until the chicken is cooked and crumbs crisp and golden. Squeeze out the soft, roasted garlic from the skins and serve with the chicken..$','https://www.linkpicture.com/q/3_221.png'),(4,'00:35:00',0,'Chorizo & Mozzarella gnocchi bake','https://www.bbcgoodfood.com/recipes/chorizo-mozzarella-gnocchi-bake','STEP 1$Heat the oil in a medium pan over a medium heat. Fry the onion and garlic for 8-10 mins until soft. Add the chorizo and fry for 5 mins more. Tip in the tomatoes and sugar, and season. Bring to a simmer, then add the gnocchi and cook for 8 mins, stirring often, until soft. Heat the grill to high.$$STEP 2$Stir ¾ of the mozzarella and most of the basil through the gnocchi. Divide the mixture between six ovenproof ramekins, or put in one baking dish. Top with the remaining mozzarella, then grill for 3 mins, or until the cheese is melted and golden. Season, scatter over the remaining basil and serve with green salad.$','https://www.linkpicture.com/q/4_37.png'),(5,'00:50:00',0,'Easy butter chicken','https://www.bbcgoodfood.com/recipes/easy-butter-chicken','STEP 1$In a medium bowl, mix all the marinade ingredients with some seasoning. Chop the chicken into bite-sized pieces and toss with the marinade. Cover and chill in the fridge for 1 hr or overnight.$$STEP 2$In a large, heavy saucepan, heat the oil. Add the onion, garlic, green chilli, ginger and some seasoning. Fry on a medium heat for 10 mins or until soft.$$STEP 3$Add the spices with the tomato purée, cook for a further 2 mins until fragrant, then add the stock and marinated chicken. Cook for 15 mins, then add any remaining marinade left in the bowl. Simmer for 5 mins, then sprinkle with the toasted almonds. Serve with rice, naan bread, chutney, coriander and lime wedges, if you like.$','https://www.linkpicture.com/q/5_26.png'),(6,'01:15:00',0,'Easy classic lasagne','https://www.bbcgoodfood.com/recipes/classic-lasagne','STEP 1$Heat the oil in a large saucepan. Use kitchen scissors to snip the bacon into small pieces, or use a sharp knife to chop it on a chopping board. Add the bacon to the pan and cook for just a few mins until starting to turn golden. Add the onion, celery and carrot, and cook over a medium heat for 5 mins, stirring occasionally, until softened.$$STEP 2$Add the garlic and cook for 1 min, then tip in the mince and cook, stirring and breaking it up with a wooden spoon, for about 6 mins until browned all over.$$STEP 3$Stir in the tomato purée and cook for 1 min, mixing in well with the beef and vegetables. Tip in the chopped tomatoes. Fill each can half full with water to rinse out any tomatoes left in the can, and add to the pan. Add the honey and season to taste. Simmer for 20 mins.$$STEP 4$Heat oven to 200C/180C fan/gas 6. To assemble the lasagne, ladle a little of the ragu sauce into the bottom of the roasting tin or casserole dish, spreading the sauce all over the base. Place 2 sheets of lasagne on top of the sauce overlapping to make it fit, then repeat with more sauce and another layer of pasta. Repeat with a further 2 layers of sauce and pasta, finishing with a layer of pasta.$$STEP 5$Put the crème fraîche in a bowl and mix with 2 tbsp water to loosen it and make a smooth pourable sauce. Pour this over the top of the pasta, then top with the mozzarella. Sprinkle Parmesan over the top and bake for 25–30 mins until golden and bubbling. Serve scattered with basil, if you like.$','https://www.linkpicture.com/q/6_182.png'),(7,'00:25:00',0,'Thai fried prawn & pineapple','https://www.bbcgoodfood.com/recipes/thai-fried-prawn-pineapple-rice','STEP 1$Heat the oil in a wok or non-stick frying pan and fry the spring onion whites for 2 mins until softened. Stir in the pepper for 1 min, followed by the pineapple for 1 min more, then stir in the green curry paste and soy sauce.$$STEP 2$Add the rice, stir-frying until piping hot, then push the rice to one side of the pan and scramble the eggs on the other side. Stir the peas, bamboo shoots and prawns into the rice and eggs, then heat through for 2 mins until the prawns are hot and the peas tender. Finally, stir in the spring onion greens, lime juice and coriander, if using. Spoon into bowls and serve with extra lime wedges and soy sauce.a$','https://www.linkpicture.com/q/7_151.png'),(8,'00:30:00',0,'One-pan spaghetti with nduja, fennel & olives','https://www.bbcgoodfood.com/recipes/one-pan-spaghetti-nduja-fennel-olives','STEP 1$Boil the kettle. Put all the ingredients except the pecorino and basil in a wide saucepan or deep frying pan and season well. Pour over 800ml kettle-hot water and bring to a simmer, using your tongs to ease the spaghetti under the liquid as it starts to soften.$$STEP 2$Simmer, uncovered, for 10-12 mins, tossing the spaghetti through the liquid every so often until it is cooked and the sauce is reduced and clinging to it. Add a splash more hot water if the sauce is too thick or does not cover the pasta while it cooks. Turn up the heat for the final few mins to drive off the excess liquid, leaving you with a rich sauce. Stir through the pecorino and basil, and serve with an extra drizzle of oil and pecorino on the side.$','https://www.linkpicture.com/q/8_108.png'),(9,'00:30:00',0,'Easy pancakes','https://www.bbcgoodfood.com/recipes/easy-pancakes','STEP 1$Put 100g plain flour, 2 large eggs, 300ml milk, 1 tbsp sunflower or vegetable oil and a pinch of salt into a bowl or large jug, then whisk to a smooth batter.$$STEP 2$Set aside for 30 mins to rest if you have time, or start cooking straight away.$$STEP 3$Set a medium frying pan or crêpe pan over a medium heat and carefully wipe it with some oiled kitchen paper.$$STEP 4$When hot, cook your pancakes for 1 min on each side until golden, keeping them warm in a low oven as you go.$$STEP 5$Serve with lemon wedges and caster sugar, or your favourite filling. Once cold, you can layer the pancakes between baking parchment, then wrap in cling film and freeze for up to 2 months.$','https://www.linkpicture.com/q/9_56.png'),(10,'00:25:00',0,'Easy chicken fajitas','https://www.bbcgoodfood.com/recipes/easy-chicken-fajitas','STEP 1$Heat oven to 200C/180C fan/gas 6 and wrap 6 medium tortillas in foil.$$STEP 2$Mix 1 heaped tbsp smoked paprika, 1 tbsp ground coriander, a pinch of ground cumin, 2 crushed garlic cloves, 4 tbsp olive oil, the juice of 1 lime and 4-5 drops Tabasco together in a bowl with a big pinch each of salt and pepper.$$STEP 3$Stir 2 finely sliced chicken breasts, 1 finely sliced red onion, 1 sliced red pepper and 1 finely sliced red chilli, if using, into the marinade.$$STEP 4$Heat a griddle pan until smoking hot and add the chicken and marinade to the pan.$$STEP 5$Keep everything moving over a high heat for about 5 mins using tongs until you get a nice charred effect. If your griddle pan is small you may need to do this in two batches.$$STEP 6$To check the chicken is cooked, find the thickest part and tear in half – if any part is still raw cook until done.$$STEP 7$Put the tortillas in the oven to heat up and serve with the cooked chicken, a bag of mixed salad and one 230g tub of fresh salsa.$','https://www.linkpicture.com/q/10_79.png'),(11,'01:05:00',0,'Easy carrot cake','https://www.bbcgoodfood.com/recipes/carrot-cake','STEP 1$Heat the oven to 180C/160C fan/gas 4. Oil and line the base and sides of two 20cm cake tins with baking parchment. Whisk the oil, yogurt, eggs, vanilla and zest in a jug. Mix the flour, sugar, cinnamon and nutmeg with a good pinch of salt in a bowl. Squeeze any lumps of sugar through your fingers, shaking the bowl a few times to bring the lumps to the surface.$$STEP 2$Add the wet ingredients to the dry, along with the carrots, raisins and half the nuts, if using. Mix well to combine, then divide between the tins.$$STEP 3$Bake for 25-30 mins or until a skewer inserted into the centre of the cake comes out clean. If any wet mixture clings to the skewer, return to the oven for 5 mins, then check again. Leave to cool in the tins.$$STEP 4$To make the icing, beat the butter and sugar together until smooth. Add half the soft cheese and beat again, then add the rest (adding it bit by bit prevents the icing from splitting). Remove the cakes from the tins and sandwich together with half the icing. Top with the remaining icing and scatter with the remaining walnuts. Will keep in the fridge for up to five days. Best eaten at room temperature.$','https://www.linkpicture.com/q/11_87.png'),(12,'01:15:00',0,'Piri-piri chicken with smashed sweet potatoes & broccoli','https://www.bbcgoodfood.com/recipes/piri-piri-chicken-smashed-sweet-potatoes-broccoli','STEP 1$Heat the oven to 180C/160C fan/gas 4. Toss the sweet potatoes with a generous drizzle of oil and some seasoning, and tip into a very large roasting tin. Push the potatoes to one end of the tin, then, in the other end, toss the chicken with the onions, spice mix, a drizzle of oil and some seasoning. Roast for 40 mins, stirring everything halfway through. Add the broccoli to the tin, drizzle with a little oil and season, then roast for 10-15 mins more.$$STEP 2$Remove the chicken, onions and broccoli from the tin. Roughly mash the potatoes using a fork, making sure you incorporate all the chicken juices and spices from the pan. Spread the mash over the base of the tin, then top with the broccoli, chicken and onions and serve from the tin in the middle of the table.$','https://www.linkpicture.com/q/12_43.png'),(13,'01:40:00',0,'Easy meatballs','https://www.bbcgoodfood.com/recipes/maisies-marvellous-meatballs','STEP 1$KIDS the writing in bold is for you. GROWN-UPS the rest is for you. Squeeze some sausages. Get your child to squeeze all the sausagemeat out of the skins into a large bowl. They can hold the sausages or do it by squashing them on a board.$$STEP 2$Get grating. Get your child to coarsely grate the onion and finely grate the carrot. If the onion starts to hurt their eyes, get them to wear goggles, which is good fun. Grating can take a bit of strength, so you may need to help. Tip these vegetables in with the sausages. While you have the grater out, grate the Parmesan, other vegetables and garlic for the sauce, and set aside.$$STEP 3$Make a marvellous mix. Next, get your child to add all the other meatball ingredients one by one, except the olive oil, into the bowl and season with black pepper.$$STEP 4$Squish everything together. Get the child to squish everything together through their hands until completely mixed. Keep an eye on younger children to make sure that they don’t taste any of the raw mix.$$STEP 5$Roll meatballs. Children as young as three can now roll the meatball mix into walnut-sized balls, then place them on a board or tray. This mix should make 40 balls – counting these is great way to help teach older children basic division. Cover the meatballs with cling film and have a little tidy up.$$STEP 6$Prepare the red peppers. Firstly, peel the peppers with a vegetable peeler, cut off the tops and bottoms and remove the seeds. Cut the peppers in half and children from the age of four can cut the peppers into strips.$$STEP 7$Make the sauce. A grown-up will need to help here. Heat the oil in a large saucepan. Add the vegetables and garlic and cook for 5 mins. Stir in the tomato purée, sugar and vinegar, leave for 1 min then tip in the tomatoes and simmer for 5 mins. Get the child to help blitz the sauce with a hand blender. Gently simmer the sauce while you cook the meatballs.$$STEP 8$Cook the meatballs. Brown the meatballs in the olive oil on all sides then pop them into the sauce, working in batches if necessary. Simmer the meatballs in the sauce for 15 mins, gently stirring until they are cooked through. It’s ready to eat now or cool and freeze in suitable batches for up to 6 months. Serve with spaghetti, some basil and extra Parmesan, if you like.$$','https://www.linkpicture.com/q/13_49.png'),(14,'00:45:00',0,'Easy beef hotpot','https://www.bbcgoodfood.com/recipes/easy-beef-hotpot','STEP 1$Cut each onion into eight wedges. Roughly chop the carrots and cut the potatoes into large chunks. Put the kettle on.$$STEP 2$Heat a large non-stick pan, add the mince and fry quickly, stirring all the time, until evenly browned. Crumble in the stock cubes and mix well. Add the prepared vegetables, stir them around, then pour in 900ml/1½ pints of hot water from the kettle. Bring to the boil.$$STEP 3$Reduce the heat, cover and simmer for 25-30 minutes, until the veg are tender. Stir in the baked beans and a generous splash of Worcestershire sauce and heat through. Taste and add salt and pepper if necessary.$$STEP 4$Scatter over the parsley, then ladle the hotpot into bowls. Put the Worcestershire sauce bottle on the table in case anyone fancies a bit more spice.$','https://www.linkpicture.com/q/14_22.png'),(15,'00:50:00',0,'Unbelievable easy mince pies','https://www.bbcgoodfood.com/recipes/unbelievably-easy-mince-pies','STEP 1$To make the pastry, rub the butter into the flour, then mix in the golden caster sugar and a pinch of salt.$$STEP 2$Combine the pastry into a ball – don’t add liquid – and knead it briefly. The dough will be fairly firm, like shortbread dough. You can use the dough immediately, or chill for later.$$STEP 3$Heat the oven to 200C/180C fan/gas 6. Line 18 holes of two 12-hole patty tins, by pressing small walnut-sized balls of pastry into each hole.$$STEP 4$Spoon the mincemeat into the pies. Take slightly smaller balls of pastry than before and pat them out between your hands to make round lids, big enough to cover the pies.$$STEP 5$Top the pies with their lids, pressing the edges gently together to seal – you don’t need to seal them with milk or egg as they will stick on their own. Will keep frozen for up to one month.$$STEP 6$Brush the tops of the pies with the beaten egg. Bake for 20 mins until golden. Leave to cool in the tin for 5 mins, then remove to a wire rack. To serve, lightly dust with the icing sugar. Will keep for three to four days in an airtight container.$','https://www.linkpicture.com/q/15_28.png'),(16,'01:00:00',0,'Frying pan pizza with aubergine, ricotta and mint','https://www.bbcgoodfood.com/recipes/frying-pan-pizza-aubergine-ricotta-mint','STEP 1$Weigh the ingredients for the dough into a large bowl and add 1/2 tsp salt and 125ml warm water. Mix to form a soft dough, then tip onto your work surface and knead for 5 mins or until the dough feels stretchy. Clean and grease the bowl and return the dough. Cover with cling film and leave somewhere warm to rise for 1 hr, or until the dough has doubled in size.$$STEP 2$Meanwhile, make the sauce. Heat 1 tbsp olive oil in a pan and add the garlic. Sizzle gently for 30 secs, making sure the garlic doesn’t brown, then add the passata. Season well and bubble for 8-10 mins until you have a rich sauce – add a pinch of sugar if it tastes a little too tart. Set aside.$$STEP 3$When the dough has risen, knock out the air and roll it into a pizza base the same size as a large frying pan. Oil the surface of the dough, cover with cling film , then leave on the work surface for 15 mins to puff up a little. Meanwhile, heat 2 tbsp oil in the frying pan and add the aubergines in a single layer (you may have to cook in batches). Season well and cook for 4-5 mins on each side until really tender and golden. Transfer to a dish and cover with foil to keep warm.$$STEP 4$Heat the remaining 1 tbsp of oil in the pan and carefully lift the dough into it. You may have to reshape it a little to fit. Cook over a low-medium heat until the underside is golden brown and the edges of the dough are starting to look dry and set – this should take about 6 mins, but it’s best to go by eye. Flip over, drizzle a little more oil around the edge of the pan so it trickles underneath the pizza base, and cook for another 5-6 mins until golden and cooked through. Reheat the sauce if you need to and spread it over the base. Top with the warm aubergines and dot with spoonfuls of ricotta. Scatter with mint and drizzle with a little extra virgin olive oil just before serving.$','https://www.linkpicture.com/q/16_14.png'),(17,'01:00:00',0,'Easy millionaire\'s shortbread','https://www.bbcgoodfood.com/recipes/easy-millionaires-shortbread','STEP 1$Heat the oven to 180C/160C fan/gas 4. Lightly grease and line a 20-22cm square or rectangular baking tin with a lip of at least 3cm.$$STEP 2$To make the shortbread, mix 250g plain flour and 75g caster sugar in a bowl. Rub in 175g softened butter until the mixture resembles fine breadcrumbs.$$STEP 3$Knead the mixture together until it forms a dough, then press into the base of the prepared tin.$$STEP 4$Prick the shortbread lightly with a fork and bake for 20 minutes or until firm to the touch and very lightly browned. Leave to cool in the tin.$$STEP 5$To make the caramel, place 100g butter or margarine, 100g light muscovado sugar and the can of condensed milk in a pan and heat gently until the sugar has dissolved. Continually stir with a spatula to make sure no sugar sticks to the bottom of the pan. (This can leave brown specks in the caramel but won’t affect the flavour.)$$STEP 6$Turn up the heat to medium high, stirring all the time, and bring to the boil, then lower the heat back to low and stirring continuously, for about 5-10 minutes or until the mixture has thickened slightly. Pour over the shortbread and leave to cool.$$STEP 7$For the topping, melt 200g plain or milk chocolate slowly in a bowl over a pan of hot water. Pour over the cold caramel and leave to set. Cut into squares or bars with a hot knife.$','https://www.linkpicture.com/q/17_13.png'),(18,'00:10:00',0,'Easy huevos rancheros','https://www.bbcgoodfood.com/recipes/easy-huevos-rancheros','STEP 1$Heat the oil in a frying pan over a high heat. Add the tortilla and fry for 1-2 mins on each side until crisping at the edges. Transfer to a plate.$$STEP 2$Crack the egg into the pan and cook to your liking. Meanwhile, tip the beans into a bowl, season and add a squeeze of lime, then lightly mash with a fork.$$STEP 3$Spread the beans over the tortilla, top with the egg, avocado, feta and chilli sauce. Squeeze over a little more lime juice just before eating.$','https://www.linkpicture.com/q/18_14.png'),(19,'00:32:00',0,'Vegetarian chilli','https://www.bbcgoodfood.com/recipes/veggie-chilli','STEP 1$Heat oven to 200C/180C fan/ gas 6. Cook the vegetables in a casserole dish for 15 mins. Tip in the beans and tomatoes, season, and cook for another 10-15 mins until piping hot. Heat the pouch in the microwave on High for 1 min and serve with the chilli.$','https://www.linkpicture.com/q/19_7.png'),(20,'00:50:00',0,'Easy treacle sponge','https://www.bbcgoodfood.com/recipes/easy-treacle-sponge','STEP 1$Heat oven to 180C/160C fan/gas 4. Mix the syrup, lemon zest, juice and breadcrumbs and spread over the base of a 1.5 litre baking dish.$$STEP 2$Beat the butter and sugar until pale and fluffy, then beat in the eggs, one by one. Stir in the flour and milk and dollop over the syrup. Bake for 35-40 mins until golden and risen, and a skewer poked into the sponge comes out clean-ish. Eat with lots of custard, cream or ice cream and extra dribbles of syrup.$','https://www.linkpicture.com/q/20_5.png'),(21,'00:25:00',0,'Chicken satay salad','https://www.bbcgoodfood.com/recipes/chicken-satay-salad','STEP 1$Pour the tamari into a large dish and stir in the curry powder, cumin, garlic and honey. Mix well. Slice the chicken breasts in half horizontally to make 4 fillets in total, then add to the marinade and mix well to coat. Set aside in the fridge for at least 1 hr, or overnight, to allow the flavours to penetrate the chicken. $STEP 2$Meanwhile, mix the peanut butter with the chilli sauce, lime juice, and 1 tbsp water to make a spoonable sauce. When ready to cook the chicken, wipe a large non-stick frying pan with a little oil. Add the chicken and cook, covered with a lid, for 5-6 mins on a medium heat, turning the fillets over for the last min, until cooked but still moist. Set aside, covered, to rest for a few mins. $STEP 3$While the chicken rests, toss the lettuce wedges with the cucumber, shallot, coriander and pomegranate, and pile onto plates. Spoon over a little sauce. Slice the chicken, pile on top of the salad and spoon over the remaining sauce. Eat while the chicken is still warm.','https://www.linkpicture.com/q/21_1.png'),(22,'00:30:00',0,'Minced beef macaroni','Sandra','STEP 1$Fry the minced beef and boil the macaroni at the same time.$STEP 2$ Season them with salt and pepper and mix them in a bowl. Add ketchup as a budget sauce.','https://www.linkpicture.com/q/22_31.png'),(23,'00:10:00',0,'Hot chocolate','Sandra','STEP 1$Pour milk into a cup and bring it to a boil in a microwave.$STEP 2$ Add cocoa powder. Adding sweeteners is optional.','https://www.linkpicture.com/q/23_2.png'),(24,'00:05:00',0,'Hot Cheese sandwich','Sandra','STEP 1$Butter your bread and put the cheese on top. Put in a microwave or an oven to make it warm.','https://www.linkpicture.com/q/24_2.png'),(25,'00:10:00',0,'Egg butter for your bread','Sandra','STEP 1$Boil, peel and mash your eggs together with butter. Season with your favorite seasoning. Let cool.','https://www.linkpicture.com/q/25_1.png'),(26,'00:15:00',0,'Tomato and cucumber salad','Sandra','STEP 1$Chop the cucumber and tomatoes into cubes.$STEP 2$ Add the sour cream and seasoning to the chopped veggies and mix. Serve with a pinch of dill on top.','https://www.linkpicture.com/q/26.png'),(27,'00:25:00',0,'Easy waffles','https://www.allrecipes.com/recipe/22180/waffles-i/','STEP 1$Preheat waffle iron. Beat eggs in large bowl with hand beater until fluffy. Beat in flour, milk, vegetable oil, sugar, baking powder, salt and vanilla, just until smooth.$Step 2$Spray preheated waffle iron with non-stick cooking spray. Pour mix onto hot waffle iron. Cook until golden brown. Serve hot.','https://www.linkpicture.com/q/27_1.png'),(28,'00:50:00',0,'Classic fish and chips','https://www.allrecipes.com/recipe/16580/classic-fish-and-chips/','STEP 1$Place potatoes in a medium-size bowl of cold water. In a separate medium-size mixing bowl, mix together flour, baking powder, salt, and pepper. Stir in the milk and egg; stir until the mixture is smooth. Let mixture stand for 20 minutes. $Step 2$Preheat the oil in a large pot or electric skillet to 350 degrees F (175 degrees C). $Step 3$Fry the potatoes in the hot oil until they are tender. Drain them on paper towels. $Step 4$Dredge the fish in the batter, one piece at a time, and place them in the hot oil. Fry until the fish is golden brown. If necessary, increase the heat to maintain the 350 degrees F (175 degrees C) temperature. Drain well on paper towels. $Step 5$Fry the potatoes again for 1 to 2 minutes for added crispness.','https://www.linkpicture.com/q/28.png'),(29,'00:40:00',0,'Juicy burger','https://www.allrecipes.com/recipe/19863/best-burger-ever/','STEP 1$Preheat an outdoor grill for medium high heat and lightly oil grate.$Step 2$In a large bowl, combine the beef, onion soup mix, egg, hot sauce and oats. Shape into 6 patties.$Step 3$Grill patties over medium high heat for 10 to 20 minutes, or to desired doneness.','https://www.linkpicture.com/q/29.png'),(30,'00:30:00',0,'Chicken Schnitzel','https://www.curiouscuisiniere.com/chicken-schnitzel/','STEP 1$Season the chicken.$STEP 2$Dip it first in the egg mixture and then into flour mixed with breadcrumbs. Fry on the pan until golden.','https://www.linkpicture.com/q/30.png'),(31,'00:40:00',0,'Potato salad','https://www.google.com/url?sa=i&url=https%3A%2F%2Fhappilyunprocessed.com%2Feasy-simple-classic-potato-salad%2F&psig=AOvVaw3c6gvl6vA3fnZDt7xZO7T9&ust=1619701691230000&source=images&cd=vfe&ved=0CA0QjhxqFwoTCMDB85GBofACFQAAAAAdAAAAABAN','STEP 1$Peel the potatoes and cut in 4 or 6 large chunks depending on the size of the potato. Place them in a large pot of cold water covered by at least 2 inches. Heavily salt the water (2 Tablespoons) and bring to a boil.  Once the water is boiling, turn the stove down to medium and vigorously simmer the potatoes for about 15 minutes or until a fork easily goes through.$STEP 2$Meanwhile, dice the onion and celery and set aside.Drain the potatoes and let them cool about 5 minutes or until they stop steaming.Mash very lightly with a potato masher keeping some larger chunks.  Add the onions and celery and sprinkle with some salt and pepper.  With your finger over the top of the ACV bottle, drizzle the potatoes with some vinegar. Stir to combine.$STEP 3$Make the dressing in a small bowl and add enough until coat the potatoes. Cover and chill until ready to serve.','https://www.linkpicture.com/q/31_4.png'),(32,'00:07:00',0,'Basic Omlette','https://www.eggs.ca/recipes/basic-omelette','STEP 1$Whisk eggs, water, salt and pepper. Spray 8-inch (20 cm) non-stick skillet with cooking spray. Heat over medium heat. Pour in egg mixture. As eggs set around edge of skillet, with spatula, gently push cooked portions toward centre of skillet. Tilt and rotate skillet to allow uncooked egg to flow into empty spaces.$STEP 2$When eggs are almost set on surface but still look moist, cover half of omelette with filling. Slip spatula under unfilled side; fold over onto filled half. Cook for a minute, then slide omelette onto plate.','https://www.linkpicture.com/q/32_9.png'),(33,'00:10:00',0,'Porridge','https://www.bbcgoodfood.com/recipes/perfect-porridge','STEP 1$Put 50g porridge oats in a saucepan, pour in 350ml milk or water and sprinkle in a pinch of salt. Bring to the boil and simmer for 4-5 minutes, stirring from time to time and watching carefully that it doesn’t stick to the bottom of the pan.$STEP 2$Or you can try this in a microwave. Mix the porridge oats, milk or water and a pinch of salt in a large microwaveproof bowl, then microwave on High for 5 minutes, stirring halfway through. Leave to stand for 2 minutes before eating.$STEP 3$To serve, pour into bowls, spoon Greek yogurt, thinned with a little milk, on top and drizzle with honey.','https://www.linkpicture.com/q/33_24.png'),(34,'00:10:00',0,'Scrambled eggs','https://www.bbcgoodfood.com/recipes/perfect-scrambled-eggs-recipe','STEP 1$Lightly whisk 2 large eggs, 6 tbsp single cream or full cream milk and a pinch of salt together until the mixture has just one consistency.$STEP 2$Heat a small non-stick frying pan for a minute or so, then add a knob of butter and let it melt. Don’t allow the butter to brown or it will discolour the eggs. Pour in the egg mixture and let it sit, without stirring, for 20 seconds. Stir with a wooden spoon, lifting and folding it over from the bottom of the pan. Let it sit for another 10 seconds then stir and fold again. Repeat until the eggs are softly set and slightly runny in places. Remove from the heat and leave for a moment to finish cooking. Give a final stir and serve the velvety scramble without delay.','https://www.linkpicture.com/q/34_4.png'),(35,'00:25:00',0,'Apple cake','https://www.bettycrocker.com/recipes/homemade-apple-cake/5427daa2-21ac-4b09-bb6e-4c24437500ce','STEP 1$Heat oven to 350°F. Spray 9-inch round cake pan with baking spray with flour.','https://www.linkpicture.com/q/35.png'),(36,'00:30:00',0,'Pesto pasta','https://www.ica.se/recept/pesto-med-pasta-1284/','STEP 1$Peel the garlic cloves. Scrape the leaves from the basil. Grate the cheese. Put garlic, basil, cheese, nuts and salt in a food processor. Run until everything is finely chopped. Everything can also be finely chopped with a knife. Add the oil, a little at a time, while stirring or while the machine is on. Stir in the water. Taste with black pepper and possibly more salt. Boil the pasta according to the instructions on the package and mix it with the pesto. For serving: Top the pesto pasta with a little grated parmesan cheese.','https://www.linkpicture.com/q/36_3.png'),(37,'00:45:00',0,'Lemon Chicken','https://www.recipetineats.com/creamy-lemon-chicken/','STEP 1$Sprinkle chicken with salt and pepper, dust with flour. Pan fry until golden then remove. Add everything else in, then simmer for 3 minutes until thickened; Return chicken into skillet to rewarm; and Serve over pasta, mashed potato or for a low carb option, Creamy Mashed Cauliflower.','https://www.linkpicture.com/q/37_3.png'),(38,'00:15:00',0,'Mac and cheese','https://thestayathomechef.com/stovetop-mac-and-cheese/','STEP 1$Boil your pasta in one pot and in another make a simple cheese sauce. The sauce starts with a traditional roux (flour whisked into butter and cooked). Salt, white pepper, onion powder, and ground mustard are whisked in to add flavor. Milk is then poured in and as it comes to a simmer the roux slowly mixes in. The roux acts as a thickening agent and just as small bubbles appear for the simmer, your mixture should already be thickened. The heat is turned off, shredded cheese is stirred until melted, and then all that is left to do is stir in the drained al dente pasta from your other pot. You’ll never use a boxed mix again!','https://www.linkpicture.com/q/38_7.png'),(39,'00:30:00',0,'Pasta alfredo','https://www.ica.se/recept/pasta-alfredo-724258/','STEP 1$Boil the pasta according to the instructions on the package. Peel and chop the onion. Fry the onion in the butter for a few minutes and pour in the cream. Bring to the boil and remove from the heat. $STEP 2$Grate the cheese finely and stir in it. Taste with pepper. Serve the sauce with the pasta.','https://www.linkpicture.com/q/39_1.png'),(40,'00:30:00',0,'Spaghetti bolognese','https://www.kidspot.com.au/kitchen/recipes/easy-spaghetti-bolognese-recipe/8pbaf96r','STEP 1$In a pan, heat the oil and brown the minced beef, onion and garlic.$STEP 2$Add the tomato paste to the pan and cook for 2 minutes. $STEP 3$Stir in the tomato sauce, sweet chilli, red wine, chicken stock, tomato soup and oregano. $STEP 4$Bring to the boil and simmer for 30 minutes. $STEP 5$Season with salt and pepper.','https://www.linkpicture.com/q/40.png');
/*!40000 ALTER TABLE `recipes` ENABLE KEYS */;
UNLOCK TABLES;

--
-- Table structure for table `recipes_has_diets`
--

DROP TABLE IF EXISTS `recipes_has_diets`;
/*!40101 SET @saved_cs_client     = @@character_set_client */;
/*!50503 SET character_set_client = utf8mb4 */;
CREATE TABLE `recipes_has_diets` (
  `recipes_id` int NOT NULL,
  `diets_name` varchar(64) NOT NULL,
  PRIMARY KEY (`recipes_id`,`diets_name`),
  KEY `fk_recipes_has_diets_diets1_idx` (`diets_name`),
  KEY `fk_recipes_has_diets_recipes_idx` (`recipes_id`),
  CONSTRAINT `fk_recipes_has_diets_diets1` FOREIGN KEY (`diets_name`) REFERENCES `diets` (`name`),
  CONSTRAINT `fk_recipes_has_diets_recipes` FOREIGN KEY (`recipes_id`) REFERENCES `recipes` (`id`)
) ENGINE=InnoDB DEFAULT CHARSET=utf8;
/*!40101 SET character_set_client = @saved_cs_client */;

--
-- Dumping data for table `recipes_has_diets`
--

LOCK TABLES `recipes_has_diets` WRITE;
/*!40000 ALTER TABLE `recipes_has_diets` DISABLE KEYS */;
INSERT INTO `recipes_has_diets` VALUES (1,'Vegetarian'),(2,'Keto'),(2,'Paleo'),(5,'Keto'),(5,'Paleo'),(8,'Vegan'),(8,'Vegetarian'),(9,'Vegetarian'),(11,'Vegetarian'),(16,'Vegetarian'),(17,'Vegan'),(17,'Vegetarian'),(18,'Vegetarian'),(19,'Vegetarian'),(20,'Vegetarian'),(21,'Keto'),(24,'Vegetarian'),(26,'Keto'),(26,'Vegetarian'),(31,'Keto'),(31,'Vegetarian'),(32,'Vegetarian'),(33,'Vegetarian'),(35,'Vegetarian'),(36,'Vegan'),(36,'Vegetarian'),(37,'Keto'),(38,'Vegetarian'),(39,'Vegetarian');
/*!40000 ALTER TABLE `recipes_has_diets` ENABLE KEYS */;
UNLOCK TABLES;
/*!40103 SET TIME_ZONE=@OLD_TIME_ZONE */;

/*!40101 SET SQL_MODE=@OLD_SQL_MODE */;
/*!40014 SET FOREIGN_KEY_CHECKS=@OLD_FOREIGN_KEY_CHECKS */;
/*!40014 SET UNIQUE_CHECKS=@OLD_UNIQUE_CHECKS */;
/*!40101 SET CHARACTER_SET_CLIENT=@OLD_CHARACTER_SET_CLIENT */;
/*!40101 SET CHARACTER_SET_RESULTS=@OLD_CHARACTER_SET_RESULTS */;
/*!40101 SET COLLATION_CONNECTION=@OLD_COLLATION_CONNECTION */;
/*!40111 SET SQL_NOTES=@OLD_SQL_NOTES */;

-- Dump completed on 2021-05-06 11:05:00
